{
  "drift": true,
  "threshold": 0.2,
  "max_psi": 4.008106096281345,
  "psi": {
    "carat": 2.102300411511836,
    "depth": 3.110601860110034,
    "table": 4.008106096281345,
    "x": 0.48662932304331097,
    "y": 0.04175843896947544,
    "z": 2.922711087299653
  }
}